{
  "project_info": {
    "project_number": "915588800981",
    "project_id": "chasquillapp-82c3d",
    "storage_bucket": "chasquillapp-82c3d.firebasestorage.app"
  },
  "client": [
    {
      "client_info": {
        "mobilesdk_app_id": "1:915588800981:android:754f554121f8d79d539d5c",
        "android_client_info": {
          "package_name": "com.JSH.ChasquillApp"
        }
      },
      "oauth_client": [],
      "api_key": [
        {
          "current_key": "AIzaSyBWQ5S3VwwES5-20-9RTxiyTafnVKmANlU"
        }
      ],
      "services": {
        "appinvite_service": {
          "other_platform_oauth_client": []
        }
      }
    }
  ],
  "configuration_version": "1"
}